{"name":"a4698f0f-fb56-49c4-8917-2f1a2c2cb1bc","id":"/providers/Microsoft.Flow/flows/a4698f0f-fb56-49c4-8917-2f1a2c2cb1bc","type":"Microsoft.Flow/flows","properties":{"apiId":"/providers/Microsoft.PowerApps/apis/shared_logicflows","displayName":"Handle team requests","definition":{"metadata":{"workflowEntityId":null,"creator":{"id":"ec43728f-44a7-4e4f-9438-068a00391052","type":"User","tenantId":"3831bea1-fd78-41ae-a80f-e4e1b6e2b8d0"},"provisioningMethod":"FromDefinition","failureAlertSubscription":true,"clientLastModifiedTime":"2018-12-21T06:59:37.2081737Z"},"$schema":"https://schema.management.azure.com/providers/Microsoft.Logic/schemas/2016-06-01/workflowdefinition.json#","contentVersion":"1.0.0.0","parameters":{"$connections":{"defaultValue":{},"type":"Object"},"$authentication":{"defaultValue":{},"type":"SecureObject"}},"triggers":{"When_an_item_is_created":{"recurrence":{"interval":1,"frequency":"Minute"},"splitOn":"@triggerBody()?['value']","metadata":{"flowSystemMetadata":{"swaggerOperationId":"GetOnNewItems"}},"type":"ApiConnection","inputs":{"host":{"connection":{"name":"@parameters('$connections')['shared_sharepointonline']['connectionId']"},"api":{"runtimeUrl":"https://flow-apim-europe-001-westeurope-01.azure-apim.net/apim/sharepointonline"}},"method":"get","path":"/datasets/@{encodeURIComponent(encodeURIComponent('https://distaging.sharepoint.com/sites/TimoPSandBox'))}/tables/@{encodeURIComponent(encodeURIComponent('38f0716e-3782-4f16-b9f7-f57dfab80a91'))}/onnewitems","authentication":"@parameters('$authentication')"}}},"actions":{"TenantID":{"runAfter":{},"type":"InitializeVariable","inputs":{"variables":[{"name":"TenantID","type":"String","value":"xxxx"}]}},"ClientID":{"runAfter":{"TenantID":["Succeeded"]},"type":"InitializeVariable","inputs":{"variables":[{"name":"ClientID","type":"String","value":"xxx"}]}},"Client_secret":{"runAfter":{"ClientID":["Succeeded"]},"type":"InitializeVariable","inputs":{"variables":[{"name":"secret","type":"String","value":"xxx"}]}},"IsPrivateTeamRequested":{"actions":{"Start_an_approval":{"runAfter":{"Update_item_-_waiting_for_approval":["Succeeded"]},"metadata":{"flowSystemMetadata":{"swaggerOperationId":"approvalSubscribeV2"}},"type":"ApiConnectionWebhook","inputs":{"host":{"connection":{"name":"@parameters('$connections')['shared_approvals']['connectionId']"},"api":{"runtimeUrl":"https://flow-apim-europe-001-northeurope-01.azure-apim.net/apim/approvals"}},"body":{"title":"Private team (@{triggerBody()?['Title']})  has been ordered","assignedTo":"xxx.xxxx@xxxx.onmicrosoft.com;","requestor":"@triggerBody()?['Author']?['Email']","details":"Team: @{triggerBody()?['Title']}\nComments: @{triggerBody()?['Comments_x0020_for_x0020_privacy']}","itemLink":"@triggerBody()?['{Link}']","itemLinkDescription":"View team request","notificationUrl":"@{listCallbackUrl()}","enableNotifications":true},"path":"/types/@{encodeURIComponent('Basic')}/$subscriptions","authentication":"@parameters('$authentication')"}},"Condition":{"actions":{"Terminate":{"runAfter":{"Send_an_email":["Succeeded"]},"type":"Terminate","inputs":{"runStatus":"Succeeded"}},"Send_an_email":{"runAfter":{"Update_item_-_status_rejected":["Succeeded"]},"metadata":{"flowSystemMetadata":{"swaggerOperationId":"SendEmail"}},"type":"ApiConnection","inputs":{"host":{"connection":{"name":"@parameters('$connections')['shared_office365']['connectionId']"},"api":{"runtimeUrl":"https://flow-apim-europe-001-francecentral-01.azure-apim.net/apim/office365"}},"method":"post","body":{"To":"@{triggerBody()?['Author']?['Email']};","Subject":"Your Teams order has been rejected","Body":"Your Teams order has been rejected"},"path":"/Mail","authentication":"@parameters('$authentication')"}},"Update_item_-_status_rejected":{"runAfter":{},"metadata":{"flowSystemMetadata":{"swaggerOperationId":"PatchItem"}},"type":"ApiConnection","inputs":{"host":{"connection":{"name":"@parameters('$connections')['shared_sharepointonline']['connectionId']"},"api":{"runtimeUrl":"https://flow-apim-europe-001-westeurope-01.azure-apim.net/apim/sharepointonline"}},"method":"patch","body":{"Title":"@triggerBody()?['Title']","isPrivate":false,"Status":"Rejected"},"path":"/datasets/@{encodeURIComponent(encodeURIComponent('https://distaging.sharepoint.com/sites/TimoPSandBox'))}/tables/@{encodeURIComponent(encodeURIComponent('38f0716e-3782-4f16-b9f7-f57dfab80a91'))}/items/@{encodeURIComponent(triggerBody()?['ID'])}","authentication":"@parameters('$authentication')"}}},"runAfter":{"Start_an_approval":["Succeeded"]},"else":{"actions":{"Set_privacy":{"runAfter":{},"type":"SetVariable","inputs":{"name":"privacy","value":"Private"}}}},"expression":"@equals(body('Start_an_approval')?['response'], 'Reject')","type":"If"},"Update_item_-_waiting_for_approval":{"runAfter":{},"metadata":{"flowSystemMetadata":{"swaggerOperationId":"PatchItem"}},"type":"ApiConnection","inputs":{"host":{"connection":{"name":"@parameters('$connections')['shared_sharepointonline']['connectionId']"},"api":{"runtimeUrl":"https://flow-apim-europe-001-westeurope-01.azure-apim.net/apim/sharepointonline"}},"method":"patch","body":{"Title":"@triggerBody()?['Title']","Status":"Waiting for approval"},"path":"/datasets/@{encodeURIComponent(encodeURIComponent('https://distaging.sharepoint.com/sites/TimoPSandBox'))}/tables/@{encodeURIComponent(encodeURIComponent('38f0716e-3782-4f16-b9f7-f57dfab80a91'))}/items/@{encodeURIComponent(triggerBody()?['ID'])}","authentication":"@parameters('$authentication')"}}},"runAfter":{"Set_TeamStatus_=_running":["Succeeded"]},"expression":"@equals(triggerBody()?['isPrivate'], bool(1))","type":"If"},"Clone_Team":{"runAfter":{"IsPrivateTeamRequested":["Succeeded"]},"type":"Http","inputs":{"method":"POST","uri":"https://graph.microsoft.com/V1.0/teams/@{triggerBody()?['Template_x0020_id']}/clone","body":{"displayName":"@{triggerBody()?['Title']}","description":"@{triggerBody()?['Description']}","mailNickname":"@{replace(triggerBody()?['Title'],' ','')}","partsToClone":"apps, tabs, settings, channels, members","visibility":"@{variables('privacy')}","classification":"@{triggerBody()?['Classification']}"},"authentication":{"type":"ActiveDirectoryOAuth","tenant":"@variables('TenantID')","audience":"https://graph.microsoft.com","clientId":"@variables('ClientID')","secret":"@variables('secret')"}}},"Parse_JSON__-_get_location_for_asking_cloning_status":{"runAfter":{"Clone_Team":["Succeeded"]},"type":"ParseJson","inputs":{"content":"@outputs('Clone_Team')['headers']","schema":{"type":"object","properties":{"Transfer-Encoding":{"type":"string"},"request-id":{"type":"string"},"client-request-id":{"type":"string"},"x-ms-ags-diagnostic":{"type":"string"},"Duration":{"type":"string"},"Strict-Transport-Security":{"type":"string"},"Cache-Control":{"type":"string"},"Date":{"type":"string"},"Location":{"type":"string"},"Content-Type":{"type":"string"},"Content-Length":{"type":"string"}}}}},"Do_until_new_team_is_created":{"actions":{"Get_cloned_team_status_and_info":{"runAfter":{"Delay":["Succeeded"]},"type":"Http","inputs":{"method":"GET","uri":"https://graph.microsoft.com/v1.0@{body('Parse_JSON__-_get_location_for_asking_cloning_status')?['Location']}","authentication":{"type":"ActiveDirectoryOAuth","tenant":"@variables('TenantID')","audience":"https://graph.microsoft.com","clientId":"@variables('ClientID')","secret":"@variables('secret')"}}},"Parse_JSON_-_is_new_team_ready":{"runAfter":{"Get_cloned_team_status_and_info":["Succeeded"]},"type":"ParseJson","inputs":{"content":"@body('Get_cloned_team_status_and_info')","schema":{"type":"object","properties":{"@@odata.context":{"type":"string"},"id":{"type":"string"},"operationType":{"type":"string"},"createdDateTime":{"type":"string"},"status":{"type":"string"},"lastActionDateTime":{"type":"string"},"attemptsCount":{"type":"integer"},"targetResourceId":{"type":"string"},"targetResourceLocation":{"type":"string"},"error":{},"Value":{"type":"string"}}}}},"Delay":{"runAfter":{},"type":"Wait","inputs":{"interval":{"count":30,"unit":"Second"}}},"is_team_ready":{"actions":{"update_TeamStatus":{"runAfter":{},"type":"SetVariable","inputs":{"name":"TeamStatus","value":"@body('Parse_JSON_-_is_new_team_ready')?['status']"}}},"runAfter":{"Parse_JSON_-_is_new_team_ready":["Succeeded"]},"expression":"@not(equals(body('Parse_JSON_-_is_new_team_ready')?['status'], 'running'))","type":"If"}},"runAfter":{"Parse_JSON__-_get_location_for_asking_cloning_status":["Succeeded"]},"expression":"@not(equals(variables('TeamStatus'), 'running'))","limit":{"count":60,"timeout":"PT1H"},"type":"Until"},"Failed_or_succeeded":{"actions":{"Terminate_-_failed":{"runAfter":{"Send_an_email_to_requester":["Succeeded"]},"type":"Terminate","inputs":{"runStatus":"Failed","runError":{"message":"Team creation failed"}}},"Update_request_status_to_failed":{"runAfter":{},"metadata":{"flowSystemMetadata":{"swaggerOperationId":"PatchItem"}},"type":"ApiConnection","inputs":{"host":{"connection":{"name":"@parameters('$connections')['shared_sharepointonline_1']['connectionId']"},"api":{"runtimeUrl":"https://flow-apim-europe-001-francecentral-01.azure-apim.net/apim/sharepointonline"}},"method":"patch","body":{"Title":"@triggerBody()?['Title']","Status":"Failed"},"path":"/datasets/@{encodeURIComponent(encodeURIComponent('https://distaging.sharepoint.com/sites/TimoPSandBox'))}/tables/@{encodeURIComponent(encodeURIComponent('38f0716e-3782-4f16-b9f7-f57dfab80a91'))}/items/@{encodeURIComponent(triggerBody()?['ID'])}","authentication":"@parameters('$authentication')"}},"Send_an_email_to_requester":{"runAfter":{"Update_request_status_to_failed":["Succeeded"]},"metadata":{"flowSystemMetadata":{"swaggerOperationId":"SendEmail"}},"type":"ApiConnection","inputs":{"host":{"connection":{"name":"@parameters('$connections')['shared_office365']['connectionId']"},"api":{"runtimeUrl":"https://flow-apim-europe-001-francecentral-01.azure-apim.net/apim/office365"}},"method":"post","body":{"To":"xxx.xxx@xxx.onmicrosoft.com","Subject":"Team creation failed (@{triggerBody()?['Title']})","Body":"Team creation failed (@{triggerBody()?['Title']}). Please try again."},"path":"/Mail","authentication":"@parameters('$authentication')"}}},"runAfter":{"Do_until_new_team_is_created":["Succeeded"]},"else":{"actions":{"Get_cloned_team_guid":{"runAfter":{},"type":"ParseJson","inputs":{"content":"@body('Get_cloned_team_status_and_info')","schema":{"type":"object","properties":{"@@odata.context":{"type":"string"},"id":{"type":"string"},"operationType":{"type":"string"},"createdDateTime":{"type":"string"},"status":{"type":"string"},"lastActionDateTime":{"type":"string"},"attemptsCount":{"type":"integer"},"targetResourceId":{"type":"string"},"targetResourceLocation":{"type":"string"},"error":{},"Value":{"type":"string"}}}}},"Update_item":{"runAfter":{"Get_cloned_team_guid":["Succeeded"]},"metadata":{"flowSystemMetadata":{"swaggerOperationId":"PatchItem"}},"type":"ApiConnection","inputs":{"host":{"connection":{"name":"@parameters('$connections')['shared_sharepointonline_1']['connectionId']"},"api":{"runtimeUrl":"https://flow-apim-europe-001-francecentral-01.azure-apim.net/apim/sharepointonline"}},"method":"patch","body":{"Title":"@triggerBody()?['Title']","Team_x0020_id":"@body('Get_cloned_team_guid')?['targetResourceId']","Status":"Created"},"path":"/datasets/@{encodeURIComponent(encodeURIComponent('https://distaging.sharepoint.com/sites/TimoPSandBox'))}/tables/@{encodeURIComponent(encodeURIComponent('38f0716e-3782-4f16-b9f7-f57dfab80a91'))}/items/@{encodeURIComponent(triggerBody()?['ID'])}","authentication":"@parameters('$authentication')"}},"Get_requester_guid":{"runAfter":{"Update_item":["Succeeded"]},"type":"Http","inputs":{"method":"GET","uri":"https://graph.microsoft.com/v1.0/users/@{triggerBody()?['Author']?['Email']}","authentication":{"type":"ActiveDirectoryOAuth","tenant":"@variables('TenantID')","audience":"https://graph.microsoft.com","clientId":"@variables('ClientID')","secret":"@variables('secret')"}}},"Parse_requester_guid":{"runAfter":{"Get_requester_guid":["Succeeded"]},"type":"ParseJson","inputs":{"content":"@body('Get_requester_guid')","schema":{"type":"object","properties":{"@@odata.context":{"type":"string"},"id":{"type":"string"},"businessPhones":{"type":"array"},"displayName":{"type":"string"},"givenName":{"type":"string"},"jobTitle":{},"mail":{"type":"string"},"mobilePhone":{},"officeLocation":{},"preferredLanguage":{"type":"string"},"surname":{"type":"string"},"userPrincipalName":{"type":"string"}}}}},"add_requester_as_owner":{"runAfter":{"Parse_requester_guid":["Succeeded"]},"type":"Http","inputs":{"method":"POST","uri":"https://graph.microsoft.com/v1.0/groups/@{body('Get_cloned_team_guid')?['targetResourceId']}/owners/$ref","body":{"@@odata.id":"https://graph.microsoft.com/v1.0/users/@{body('Parse_requester_guid')?['id']}"},"authentication":{"type":"ActiveDirectoryOAuth","tenant":"@variables('TenantID')","audience":"https://graph.microsoft.com","clientId":"@variables('ClientID')","secret":"@variables('secret')"}}},"Get_channels_from_created_team":{"runAfter":{"add_requester_as_owner":["Succeeded"]},"type":"Http","inputs":{"method":"GET","uri":"https://graph.microsoft.com/v1.0/Teams/@{body('Get_cloned_team_guid')?['targetResourceId']}/Channels","authentication":{"type":"ActiveDirectoryOAuth","tenant":"@variables('TenantID')","audience":"https://graph.microsoft.com","clientId":"@variables('ClientID')","secret":"@variables('secret')"}}},"Parse_channels":{"runAfter":{"Get_channels_from_created_team":["Succeeded"]},"type":"ParseJson","inputs":{"content":"@body('Get_channels_from_created_team')","schema":{"type":"object","properties":{"@@odata.context":{"type":"string"},"value":{"type":"array","items":{"type":"object","properties":{"id":{"type":"string"},"displayName":{"type":"string"}},"required":["id","displayName"]}}}}}},"Apply_to_each_3":{"foreach":"@body('Parse_channels')?['value']","actions":{"is_General_channel":{"actions":{"Are_we_building_project_team":{"actions":{"HTTP_Add_link_to_project_tool":{"runAfter":{},"type":"Http","inputs":{"method":"POST","uri":"https://graph.microsoft.com/V1.0/teams/@{body('Get_cloned_team_guid')?['targetResourceId']}/Channels/@{items('Apply_to_each_3')?['id']}/tabs/","body":{"name":"Project tool","teamsAppId":"com.microsoft.teamspace.tab.web","configuration":{"entityId":null,"contentUrl":"https://www.di.myrojectttol.com?projectid=@{triggerBody()?['Project_x0020_id']}","websiteUrl":"https://www.di.myrojectttol.com?projectid=@{triggerBody()?['Project_x0020_id']}","removeUrl":null}},"authentication":{"type":"ActiveDirectoryOAuth","tenant":"@variables('TenantID')","audience":"https://graph.microsoft.com","clientId":"@variables('ClientID')","secret":"@variables('secret')"}}}},"runAfter":{},"else":{"actions":{"HTTP_-_Add_link_to_hr_pages":{"runAfter":{},"type":"Http","inputs":{"method":"POST","uri":"https://graph.microsoft.com/V1.0/teams/@{body('Get_cloned_team_guid')?['targetResourceId']}/Channels/@{items('Apply_to_each_3')?['id']}/tabs/","body":{"name":"HR Info","teamsAppId":"com.microsoft.teamspace.tab.web","configuration":{"entityId":null,"contentUrl":"https://distaging.sharepoint.com/sites/Demosisaisetpalvelut/SitePages/Home.aspx","websiteUrl":"https://distaging.sharepoint.com/sites/Demosisaisetpalvelut/SitePages/Home.aspx","removeUrl":null}},"authentication":{"type":"ActiveDirectoryOAuth","tenant":"@variables('TenantID')","audience":"https://graph.microsoft.com","clientId":"@variables('ClientID')","secret":"@variables('secret')"}}}}},"expression":"@equals(triggerBody()?['Template_x0020_name'], 'Project')","type":"If"}},"runAfter":{},"expression":"@equals(items('Apply_to_each_3')?['displayName'], 'General')","type":"If"}},"runAfter":{"Parse_channels":["Succeeded"]},"type":"Foreach"},"Apply_to_each__new_owner":{"foreach":"@triggerBody()?['Owners']","actions":{"Get_owner_ids":{"runAfter":{},"type":"Http","inputs":{"method":"GET","uri":"https://graph.microsoft.com/v1.0/users/@{items('Apply_to_each__new_owner')?['Email']}","authentication":{"type":"ActiveDirectoryOAuth","tenant":"@variables('TenantID')","audience":"https://graph.microsoft.com","clientId":"@variables('ClientID')","secret":"@variables('secret')"}}},"Parse_owner_ids":{"runAfter":{"Get_owner_ids":["Succeeded","Failed"]},"type":"ParseJson","inputs":{"content":"@body('Get_owner_ids')","schema":{"type":"object","properties":{"@@odata.context":{"type":"string"},"id":{"type":"string"},"businessPhones":{"type":"array"},"displayName":{"type":"string"},"givenName":{"type":"string"},"jobTitle":{},"mail":{"type":"string"},"mobilePhone":{},"officeLocation":{},"preferredLanguage":{"type":"string"},"surname":{"type":"string"},"userPrincipalName":{"type":"string"}}}}},"Add_owner":{"runAfter":{"Parse_owner_ids":["Succeeded"]},"type":"Http","inputs":{"method":"POST","uri":"https://graph.microsoft.com/v1.0/groups/@{body('Get_cloned_team_guid')?['targetResourceId']}/owners/$ref","body":{"@@odata.id":"https://graph.microsoft.com/v1.0/users/@{body('Parse_owner_ids')?['id']}"},"authentication":{"type":"ActiveDirectoryOAuth","tenant":"@variables('TenantID')","audience":"https://graph.microsoft.com","clientId":"@variables('ClientID')","secret":"@variables('secret')"}}}},"runAfter":{"Update_item":["Succeeded"]},"type":"Foreach"},"Apply_to_each_new_member":{"foreach":"@triggerBody()?['Members']","actions":{"Get_member_id":{"runAfter":{},"type":"Http","inputs":{"method":"GET","uri":"https://graph.microsoft.com/v1.0/users/@{items('Apply_to_each_new_member')?['Email']}","authentication":{"type":"ActiveDirectoryOAuth","tenant":"@variables('TenantID')","audience":"https://graph.microsoft.com","clientId":"@variables('ClientID')","secret":"@variables('secret')"}}},"Parse_member_id":{"runAfter":{"Get_member_id":["Succeeded"]},"type":"ParseJson","inputs":{"content":"@body('Get_member_id')","schema":{"type":"object","properties":{"@@odata.context":{"type":"string"},"id":{"type":"string"},"businessPhones":{"type":"array"},"displayName":{"type":"string"},"givenName":{"type":"string"},"jobTitle":{},"mail":{"type":"string"},"mobilePhone":{},"officeLocation":{},"preferredLanguage":{"type":"string"},"surname":{"type":"string"},"userPrincipalName":{"type":"string"}}}}},"Add_member":{"runAfter":{"Parse_member_id":["Succeeded"]},"type":"Http","inputs":{"method":"POST","uri":"https://graph.microsoft.com/v1.0/groups/@{body('Get_cloned_team_guid')?['targetResourceId']}/members/$ref","body":{"@@odata.id":"https://graph.microsoft.com/v1.0/users/@{body('Parse_member_id')?['id']}"},"authentication":{"type":"ActiveDirectoryOAuth","tenant":"@variables('TenantID')","audience":"https://graph.microsoft.com","clientId":"@variables('ClientID')","secret":"@variables('secret')"}}}},"runAfter":{"Update_item":["Succeeded"]},"type":"Foreach"},"Delete_owner_inherited_from_template":{"runAfter":{"Apply_to_each_3":["Succeeded"]},"type":"Http","inputs":{"method":"DELETE","uri":"https://graph.microsoft.com/v1.0/groups/@{body('Get_cloned_team_guid')?['targetResourceId']}/owners/44a2a920-8902-413a-b440-99e3d7f7dfef/$ref","body":{"@@odata.id":"https://graph.microsoft.com/v1.0/users/44a2a920-8902-413a-b440-99e3d7f7dfef"},"authentication":{"type":"ActiveDirectoryOAuth","tenant":"@variables('TenantID')","audience":"https://graph.microsoft.com","clientId":"@variables('ClientID')","secret":"@variables('secret')"}}}}},"expression":"@not(equals(variables('TeamStatus'), 'succeeded'))","type":"If"},"Set_privacy_=_public":{"runAfter":{"Client_secret":["Succeeded"]},"type":"InitializeVariable","inputs":{"variables":[{"name":"privacy","type":"String","value":"Public"}]}},"Set_TeamStatus_=_running":{"runAfter":{"Set_privacy_=_public":["Succeeded"]},"type":"InitializeVariable","inputs":{"variables":[{"name":"TeamStatus","type":"String","value":"running"}]}}},"outputs":{}},"connectionReferences":{"shared_approvals":{"connectionName":"shared-approvals-5958b64a-da1f-425c-834b-483301f84a0b","source":"Embedded","id":"/providers/Microsoft.PowerApps/apis/shared_approvals","tier":"NotSpecified"},"shared_office365":{"connectionName":"shared-office365-75b4fbb0-5868-4d6d-976d-0a2f97fe54b1","source":"Embedded","id":"/providers/Microsoft.PowerApps/apis/shared_office365","tier":"NotSpecified"},"shared_sharepointonline":{"connectionName":"9a5c9fcd302c75a5c889c1f56e997fe1","source":"Embedded","id":"/providers/Microsoft.PowerApps/apis/shared_sharepointonline","tier":"NotSpecified"},"shared_sharepointonline_1":{"connectionName":"7d45e41a7704437da65603b1b71042c8","source":"Embedded","id":"/providers/Microsoft.PowerApps/apis/shared_sharepointonline","tier":"NotSpecified"}},"flowFailureAlertSubscribed":false}}